FID,density,POINT_X,POINT_Y
0,0,735026.78000,519506.38000
1,0,735032.19000,521128.08000
2,0,734234.50820,519541.27520
3,0,734258.55270,521153.65050
4,0,735021.33540,518701.91950
5,0,735029.48700,520317.23020
6,0,735811.63550,517877.83690
7,0,735824.65960,519485.70110
8,0,725173.07310,523906.89680
9,0,729874.71620,520467.12390
10,0,729902.95000,521264.99000
11,0,743099.04000,517637.02000
12,0,743192.88000,520866.31000
13,0,717554.22320,517017.75760
14,0,720256.81300,522536.06510
15,0,720294.79000,523341.32000
16,0,720332.97090,524154.29230
17,0,723142.79930,532887.16940
18,0,723992.85870,533657.02210
19,0,726965.57000,527880.50000
20,0,711878.62660,534975.78700
21,0,715086.15100,533230.41720
22,0,718296.89250,533094.58880
23,0,712580.11000,531716.76000
24,0,701914.04150,530574.02140
25,0,701978.95880,532207.37880
26,0,702053.03610,533806.42010
27,0,702683.60020,528118.03990
28,0,702741.23390,531357.79420
29,0,702825.46050,532991.02460
30,0,702906.98090,534590.08000
31,0,702990.67400,536197.58010
32,0,703520.17590,528887.20490
33,0,703593.96770,532153.59710
34,0,703661.05260,533749.94500
35,0,703750.81160,535353.46360
36,0,704290.82660,528060.77680
37,0,704351.98870,529659.69050
38,0,704447.27160,532910.39890
39,0,704504.88330,534513.32860
40,0,705128.18040,528830.55340
41,0,705185.77240,530425.54190
42,0,705289.68080,533663.15190
43,0,705363.88020,535272.29810
44,0,706015.92020,531201.50480
45,0,706130.96590,534424.24000
46,0,706214.82490,536032.99330
47,0,706803.12810,530356.30170
48,0,706987.25900,535194.35790
49,0,701905.89240,528956.73880
50,0,702683.52460,529718.35620
51,0,702711.74000,530528.74000
52,0,703526.56640,530488.57180
53,0,704377.47000,530454.36000
54,0,704371.13160,531283.23300
55,0,704552.54000,535313.71000
56,0,705234.72000,532061.20800
57,0,705993.93000,530392.70000
58,0,706037.86000,532010.32000
59,0,706056.49620,532814.20480
60,0,706849.78900,531972.77150
61,0,706975.17230,533566.64330
62,0,707661.72000,531935.23000
63,0,707686.95920,532729.26460
64,0,707712.20000,533523.30000
65,0,707767.05130,534340.02250
66,0,707799.30000,535157.83000
67,0,708474.54280,531900.58710
68,0,708526.61800,533494.07000
69,0,709341.04000,533464.84000
70,0,702648.82000,527326.84000
71,0,702718.38000,528909.24000
72,0,702786.04000,532195.11000
73,0,702864.88000,533786.94000
74,0,702949.08000,535393.22000
75,0,704401.89000,532112.09000
76,0,704457.22000,533712.95000
77,0,706086.71000,533617.59000
78,0,706175.22000,535230.89000
79,0,707612.33000,530319.91000
80,0,710093.83920,531825.37490
81,0,710841.81000,530206.43000
82,0,705964.16040,529594.31710
83,0,707637.02460,531127.56770
84,0,708424.88820,530288.29060
85,0,710151.32060,533434.76380
86,0,722639.20170,540171.71710
87,0,722704.12640,541779.71980
88,0,725076.11620,540870.80240
89,0,722733.68000,542587.75000
90,0,724211.51000,539299.82000
91,0,712004.68770,538204.59610
92,0,712155.94920,541423.80480
93,0,712309.06640,544620.73000
94,0,712806.60030,537360.32790
95,0,712871.38780,538978.94700
96,0,713014.42570,542176.95170
97,0,713143.44870,545378.13200
98,0,713646.59590,538133.20730
99,0,713792.18770,541344.68390
100,0,713851.14970,542934.99260
101,0,714431.43800,537293.64080
102,0,714559.15260,540508.72710
103,0,715260.12500,538063.09700
104,0,715463.62670,542874.37920
105,0,716165.32690,540442.94200
106,0,716236.01190,542034.83650
107,0,716303.06630,543644.60520
108,0,716369.38200,545227.86620
109,0,717136.58340,544405.04750
110,0,717714.05200,538778.05790
111,0,717843.59810,541982.22240
112,0,717973.48630,545154.93220
113,0,718488.49190,537930.13510
114,0,718691.02870,542763.33390
115,0,719484.54460,541918.29330
116,0,720376.78830,544278.91640
117,0,721219.32060,545030.32440
118,0,712233.40000,543003.86890
119,0,713075.38310,543767.69230
120,0,713115.43000,544568.19000
121,0,713918.40890,544538.79620
122,0,714751.90230,545301.97740
123,0,712985.19000,541387.08000
124,0,714721.42000,544510.32000
125,0,715529.46650,544476.96360
126,0,716203.40000,541224.07000
127,0,716268.62000,542845.60000
128,0,716337.51000,544443.61000
129,0,717746.92000,539589.23000
130,0,717935.65000,544366.48000
131,0,719505.93000,542734.73000
132,0,708798.97200,538338.01660
133,0,709537.42020,537493.47010
134,0,709574.06000,538301.23000
135,0,709621.48740,539111.93150
136,0,709666.15000,539922.79000
137,0,710374.52670,538270.83090
138,0,703916.84460,538570.69900
139,0,708194.87000,543207.85000
140,0,702278.14570,538651.15330
141,0,702610.75400,545064.51370
142,0,703066.67420,537804.90720
143,0,703101.08000,538607.87000
144,0,703135.83000,539414.85920
145,0,703170.58000,540221.85000
146,0,703259.56000,541823.03000
147,0,703457.50480,545837.75440
148,0,703989.17360,540187.96230
149,0,704074.30780,541789.93950
150,0,704688.53370,537729.78210
151,0,704732.61000,538533.52000
152,0,704770.18820,539343.80210
153,0,704848.41440,540955.46220
154,0,704889.06000,541756.84000
155,0,705038.54000,544970.76000
156,0,705533.57400,538494.99270
157,0,705613.21810,540111.28190
158,0,705697.45470,541712.83560
159,0,705779.49230,543318.56540
160,0,705853.91690,544931.89190
161,0,706284.58490,537646.23980
162,0,706334.54000,538456.46000
163,0,706376.60400,539262.47250
164,0,706505.85000,541668.83000
165,0,706633.01400,544085.54080
166,0,707152.61040,538415.99310
167,0,707477.49350,544856.59120
168,0,708037.62000,539999.33000
169,0,708240.28250,544014.00330
170,0,708285.69000,544820.16000
171,0,708851.88530,539961.06160
172,0,708922.80500,541558.09100
173,0,709100.43830,544785.60960
174,0,709793.85230,542324.10340
175,0,709881.74670,543938.66070
176,0,709915.19000,544751.06000
177,0,710635.75560,543084.16110
178,0,710708.94430,544712.16420
179,0,711462.95330,543857.66460
180,0,722109.28330,547387.87450
181,0,722377.04970,553818.26020
182,0,723144.02000,553785.57000
183,0,729552.36910,552755.27060
184,0,729576.25000,553563.34000
185,0,720039.17150,554694.46890
186,0,719872.63790,551485.61990
187,0,720725.74550,552254.35800
188,0,721534.38000,552221.14000
189,0,714049.05120,547737.05790
190,0,714120.56340,549346.67370
191,0,714815.12950,546894.94110
192,0,716401.25000,546012.12000
193,0,718188.01760,549951.01500
194,0,718808.84510,545910.02250
195,0,718951.43470,549130.39410
196,0,719112.32300,552322.46090
197,0,719830.42000,550683.49000
198,0,720006.93000,553894.22000
199,0,712426.64520,547818.73440
200,0,712461.29170,549426.07300
201,0,713284.16450,548581.47120
202,0,713354.76750,550194.86740
203,0,713389.98000,551004.72000
204,0,713976.19960,546140.88460
205,0,714780.93000,546093.70000
206,0,715491.78120,546057.68670
207,0,719671.58000,547492.56000
208,0,720567.90100,549066.40660
209,0,720808.50550,553872.58660
210,0,721610.08000,553850.95000
211,0,708401.65300,550425.63440
212,0,709178.60390,547974.84710
213,0,709190.58970,549577.07070
214,0,709981.92000,546337.16000
215,0,710036.50080,553566.76310
216,0,710791.82230,547897.67160
217,0,707643.45990,554481.79800
218,0,710046.60000,554364.68000
219,0,711598.24580,547059.31140
220,0,711604.51000,547859.54000
221,0,711603.77230,548663.33620
222,0,709948.55230,545544.10790
223,0,730882.73970,521241.31960
224,0,731842.28020,520413.12210
225,0,721030.22090,521687.16520
226,0,721878.53900,522444.42160
227,0,725105.21650,522300.15810
228,0,725882.33070,521463.63030
229,0,726020.39570,524682.22690
230,0,728287.09000,521345.05000
231,0,728480.61800,525387.03570
232,0,740780.02500,520940.30930
233,0,744116.93700,524073.10430
234,0,711242.96870,520498.72600
235,0,712019.07670,519657.50700
236,0,713774.68580,522768.33920
237,0,713807.57000,523559.47000
238,0,716029.19130,518691.99080
239,0,717077.57540,524252.60020
240,0,717706.39760,520224.03410
241,0,717865.82890,523445.73700
242,0,718514.29000,520179.38000
243,0,718798.35740,525830.00680
244,0,701509.82920,520909.51130
245,0,702182.56000,517616.67000
246,0,702221.51560,518441.17740
247,0,703843.68370,518371.65830
248,0,704101.89600,524755.61890
249,0,704747.69420,520756.46700
250,0,704889.32190,523934.01940
251,0,707062.78570,518270.18940
252,0,707227.53000,522255.92000
253,0,709618.23190,520567.99580
254,0,733082.65540,532506.61990
255,0,733918.95260,533278.54780
256,0,722938.83650,528067.73270
257,0,727107.20000,531090.50000
258,0,729590.18580,532622.70410
259,0,730290.70360,530146.85220
260,0,711684.36600,530164.92380
261,0,712617.94200,532526.74370
262,0,712655.77000,533336.73000
263,0,712688.44720,534134.87770
264,0,712721.12000,534933.03000
265,0,712749.96760,535742.46330
266,0,713464.90030,533301.29360
267,0,713532.15640,534897.80270
268,0,714199.92000,531670.32000
269,0,714236.97170,532468.08860
270,0,714274.03000,533265.86000
271,0,714308.60960,534064.21850
272,0,714343.19000,534862.58000
273,0,714373.63120,535676.10080
274,0,715154.52740,534829.95750
275,0,715658.25010,527569.17580
276,0,715932.06880,533996.15610
277,0,719168.98000,534661.56000
278,0,719972.93150,534639.87370
279,0,702128.76770,535412.45160
280,0,710039.63140,530231.55170
281,0,710961.60000,533404.69000
282,0,734132.65260,539733.64140
283,0,731650.13220,540583.38390
284,0,723535.87350,542559.50930
285,0,723593.52230,544165.47750
286,0,724424.59510,544907.78170
287,0,725856.47730,540033.12640
288,0,725885.93000,540838.69000
289,0,730640.13130,538198.69830
290,0,730738.83000,540600.40000
291,0,711113.00000,536616.68000
292,0,711945.90700,536584.29050
293,0,712778.81000,536551.90000
294,0,713591.44240,536520.76140
295,0,714404.07000,536489.63000
296,0,718426.02280,536311.91760
297,0,718637.11400,541137.18180
298,0,719295.80000,537893.38000
299,0,719380.44000,539516.05000
300,0,720871.52590,537013.31150
301,0,721087.74560,541849.04040
302,0,721153.72700,543455.61430
303,0,703838.36340,536963.99040
304,0,705439.54460,536881.02920
305,0,706234.63000,536836.02000
306,0,707395.80300,543242.95300
307,0,722044.63920,545780.74700
308,0,722177.47220,548995.54020
309,0,722246.17290,550607.37120
310,0,722844.72000,545753.15000
311,0,722872.11400,546553.86810
312,0,722899.51000,547354.59000
313,0,723003.73660,549765.09240
314,0,723036.27000,550572.58000
315,0,723066.01120,551374.50580
316,0,723112.70250,552981.19780
317,0,723651.43120,545718.88710
318,0,723709.85070,547321.10440
319,0,723828.49860,550541.96850
320,0,724458.14000,545684.62000
321,0,724520.19000,547287.62000
322,0,724594.79560,549701.86100
323,0,724650.18390,551319.59020
324,0,724714.26380,552925.69340
325,0,724748.88000,553723.56000
326,0,725317.52470,547260.43650
327,0,726174.42000,548840.28000
328,0,726401.13640,554467.52670
329,0,726978.21770,548811.43310
330,0,727782.01000,548782.58000
331,0,727809.13750,549594.45250
332,0,728008.68390,554422.91520
333,0,728650.39660,550370.17410
334,0,729311.33630,546302.58020
335,0,730989.49530,547847.64070
336,0,731038.21400,549457.61250
337,0,714849.33000,547696.19000
338,0,715655.49480,547662.54610
339,0,716431.45670,546820.51320
340,0,716461.66000,547628.91000
341,0,716767.75000,554050.11000
342,0,716799.70860,554802.78620
343,0,717417.70440,550787.57140
344,0,718042.36340,546745.40830
345,0,718150.81000,549161.45000
346,0,718225.22000,550740.58000
347,0,718266.37690,551548.96270
348,0,718307.53000,552357.35000
349,0,718872.49310,547519.99680
350,0,719027.81960,550712.03230
351,0,719638.97490,546684.61100
352,0,719752.06000,549099.34000
353,0,720495.31800,547456.85990
354,0,720643.24430,550662.82380
355,0,721351.40060,548227.31940
356,0,721419.90860,549837.81900
357,0,721572.22620,553036.04820
358,0,721646.66620,554664.88070
359,0,721319.06000,547421.16000
360,0,704395.56780,551416.38320
361,0,706020.03220,552951.68920
362,0,706038.62680,554549.07930
363,0,706823.96000,552914.15000
364,0,706833.40280,553713.18350
365,0,706842.84000,554512.22000
366,0,706850.01950,555179.33860
367,0,708432.77500,553643.72280
368,0,708444.08000,554451.38000
369,0,708450.22130,555108.83020
370,0,709223.93790,552802.45740
371,0,740728.08850,519319.01050
372,6.433969993,740675.20490,517707.85930
373,0,710277.61000,517339.28000
374,78.88256568,739990.76500,521762.82280
375,0,737494.61490,522658.89320
376,24.51569085,738202.43570,516985.79420
377,64.84226855,738306.54000,522635.57000
378,83.91520256,736662.88350,521878.81530
379,95.355917,738220.68690,518602.17830
380,152.6287034,736682.69000,522682.22000
381,61.38497573,736643.08000,521075.41000
382,144.4321117,739160.51390,522601.11030
383,56.63920413,739041.04200,517760.59510
384,8.615000588,739108.21670,520992.94530
385,37.77953897,737425.56690,519436.46490
386,337.4090506,732002.02830,525249.39640
387,103.4502119,732746.91850,522851.82630
388,2.828918547,733596.93250,523688.17180
389,0,734321.62640,522813.04600
390,7.072068537,732792.86880,524461.96530
391,26.27777209,739967.05000,520959.00000
392,34.79518303,738228.63000,519409.26000
393,550.1231956,735837.58360,521100.09910
394,32.37211835,736632.79120,520269.54190
395,40.05190396,733575.72000,522885.39000
396,221.0979273,737446.23400,521051.15490
397,3.134167333,732587.27410,517966.01240
398,0,735875.10700,522711.45680
399,0,740084.68270,525007.26850
400,0,736600.14290,517045.00190
401,63.32468829,733463.30260,520368.69470
402,1.41508559,731942.85480,523625.61970
403,4.264315172,735231.12000,524427.41000
404,3.650262605,738356.48000,524245.89000
405,0,738418.54290,525064.06400
406,7.499045325,733377.83680,517138.54960
407,55.04320524,733618.14000,524490.95000
408,40.10302845,733484.88000,521178.17000
409,12.2628363,739837.99860,516924.93910
410,274.8066386,731918.11000,522818.26000
411,117.4504884,733441.73000,519559.22000
412,3.925365891,739073.32400,519373.98620
413,2.869961796,735067.53000,522740.70000
414,11.13329817,732487.53290,516355.12080
415,146.2837186,731967.60000,524432.98000
416,13.49876594,734424.62960,524459.18080
417,363.2692101,731729.85000,516384.17000
418,11.33991153,736617.25300,518660.21150
419,8.182961507,736612.01000,517856.75000
420,23.45817693,730621.15290,516426.59830
421,13.31256231,739209.82380,524214.98890
422,5.752639356,731799.84990,518794.16700
423,15.31979266,735111.41340,523587.65170
424,12.9956081,738192.13000,516176.49000
425,85.11494804,733359.04000,516333.43000
426,2.476676833,736588.28000,516233.25000
427,0,738951.17470,516150.78310
428,3.268668919,737412.37290,517825.92480
429,8.049232186,737351.11820,516209.54850
430,0,740063.17000,524184.09000
431,0.906847151,734966.01000,516281.19000
432,0.300771079,734233.37890,516301.95040
433,0.081866958,736713.39000,524292.19000
434,0.079543003,731862.77000,521226.26000
435,6.83815362,731015.58630,524468.46430
436,20.97312266,736797.65630,525117.92770
437,31.41869858,731753.87990,517186.26350
438,79.66488315,735041.79320,521934.53610
439,10.45976347,739869.34000,517726.09000
440,43.81751412,731777.91000,517988.35000
441,0,735254.88210,525202.91650
442,15.00508409,734203.93640,517920.66460
443,2.555257044,735845.63220,516254.21990
444,104.7959407,739918.01000,519338.71000
445,88.34218698,740038.82650,523375.36990
446,75.2502957,733530.30190,522031.77980
447,0.937284614,731821.79000,519599.98000
448,55.48643358,735011.24000,517897.66000
449,41.76593502,738239.00970,520218.07790
450,32.8187598,738212.74000,517795.10000
451,506.3466223,733396.64000,517943.67000
452,12.13288936,739893.67920,518532.40300
453,0,734988.62430,517089.42320
454,18.60400109,730834.13570,519634.62130
455,128.0128005,732673.82660,521202.21490
456,0,733639.54390,525253.71020
457,16.62368042,732631.75620,519579.60190
458,0.170542302,736622.50000,519463.67000
459,108.5224305,730776.26890,518025.43930
460,2.637409281,735972.25210,524359.80090
461,0,733419.18040,518751.44730
462,44.99795927,737534.93180,524269.03870
463,0.078272752,731890.44310,522022.26150
464,0,730954.34340,522854.00800
465,65.48023806,738331.51110,523440.72920
466,0,738277.96550,521831.23280
467,66.32805898,736698.03560,523487.20270
468,20.19847948,738249.39000,521026.89000
469,41.15018999,740014.48000,522566.65000
470,37.30822868,739942.53090,520148.85360
471,3.403561493,723531.59000,523169.49000
472,42.36452296,730130.25000,526118.50000
473,43.59594065,730096.91320,525311.22210
474,0,724055.99230,516725.95250
475,0,727488.04430,521388.93520
476,0,724412.96330,524742.41920
477,0,726688.99000,521432.82000
478,8.368490269,721841.61000,521643.52000
479,207.1759048,726829.41000,524656.53000
480,0.636008943,726724.45120,522242.34510
481,0,720810.03520,516871.63840
482,0,728190.77990,518938.82950
483,2.534326595,726550.58000,518229.05000
484,29.39733756,722585.71100,520002.81660
485,15.77121831,723287.04420,517565.14890
486,13.76723839,721180.08440,524908.83330
487,97.96894826,728376.81000,522965.62000
488,43.31515508,722427.57230,516799.21070
489,6.850041107,727284.92180,516571.25350
490,2.489120331,728442.03000,524581.13000
491,29.17201338,729990.57000,522889.76000
492,0.187568831,725007.80000,519891.88000
493,0.325885157,724938.84000,518296.25000
494,26.16082811,724870.84000,516687.13000
495,42.73065889,723359.13010,519163.33280
496,51.63041623,729183.69330,522927.68860
497,13.10730636,723430.52910,520764.08510
498,310.0854963,721915.47000,523245.32000
499,0,725673.60090,516647.30530
500,20.18561944,723465.69000,521567.51000
501,20.85818393,725744.70860,518262.65080
502,68.64468819,721952.24460,524047.86250
503,1.715146778,728409.41980,523773.37400
504,1.564945056,721742.04610,519244.68470
505,0.515451269,725250.98070,525527.64560
506,63.40074927,727568.36030,523008.74570
507,279.4522763,723251.19000,516764.30000
508,67.37245525,730063.58000,524503.95000
509,1.061922441,726794.65950,523854.20300
510,2.518199602,728093.49000,516535.03000
511,0.791577402,728224.34000,519741.77000
512,137.5283232,729810.55470,518865.89350
513,15.52851167,727353.90170,518182.47060
514,1.562888186,725211.38000,524707.92000
515,144.2943349,719986.83000,516910.51000
516,10.50447945,726513.46900,517418.26640
517,86.1674016,725041.73280,520693.15980
518,114.3086108,726865.25980,525464.80910
519,2.274759862,723573.06890,523973.20530
520,19.23694544,721776.06000,520044.97000
521,84.1983486,726476.36000,516607.48000
522,185.9117006,728899.41260,516498.85100
523,4.514339279,721633.24000,516832.77000
524,160.3977698,724270.67920,521530.97450
525,12.62765851,726659.18980,520630.33910
526,10.67151475,730027.07490,523696.85260
527,21.95345392,721808.83200,520844.24510
528,0,725947.33700,523078.87280
529,3.658931636,724130.86510,518331.12620
530,0,720886.34640,518486.03590
531,2.994808747,729252.80150,524542.53810
532,0,723322.89000,518366.00000
533,0.282050924,721708.04000,518444.40000
534,0.34751738,724973.31780,519094.06390
535,44.5079219,721989.02000,524850.40000
536,0.672844757,721670.63790,517638.58530
537,0,727635.71900,524618.83130
538,7.137238176,720961.93600,520086.44170
539,1.485222589,729739.98220,517262.60060
540,0,724201.58280,519926.27050
541,7.412720536,723395.37000,519960.66000
542,70.11434188,722515.46530,518405.20090
543,89.31732155,722723.53030,523207.40730
544,8.549393333,725075.67000,521494.44000
545,0.527515312,726759.91000,523051.87000
546,1.850870545,721104.55800,523284.07570
547,0.593802026,729094.78340,521299.82770
548,7.489962463,723498.64140,522368.49930
549,12.16169208,724904.84050,517491.68970
550,10.62796972,729035.41040,519705.51580
551,4.868772221,724333.17880,523137.68290
552,158.5653646,722801.78320,524813.66050
553,5.980420272,722653.65010,521605.51360
554,0.090192648,725134.77000,523105.87000
555,11.12880093,722024.37320,525672.37900
556,5.504258452,728125.35450,517335.45770
557,9.112820726,723650.36380,525598.14540
558,0,728255.71550,520543.41060
559,33.29569032,728965.92410,518099.20720
560,1515.538747,729946.76100,522077.37130
561,15.48317947,723614.55000,524776.92000
562,960.3214954,729846.48000,519669.26000
563,5.664956079,729774.63000,518062.52000
564,371.418297,726589.98280,519028.45550
565,46.13610563,728157.22000,518135.89000
566,186.0470716,727426.86090,519784.81450
567,0,726629.38000,519827.86000
568,4.94289879,728331.95350,522155.33590
569,51.98345748,725818.59190,519859.86860
570,205.4395207,741623.02190,521730.84140
571,216.4762262,741713.13890,524965.76840
572,21.51516428,742452.58170,522515.37280
573,97.90447381,744748.92230,518388.20500
574,21.06705351,743775.77740,515999.16420
575,33.43326053,743971.58930,519214.40610
576,0,743178.43580,520052.17310
577,5.454568258,744799.54740,520004.35650
578,185.4741124,746494.61880,523188.48450
579,5.798853041,745528.16250,517556.89250
580,6.027189713,743069.24110,516830.58320
581,27.53490411,743283.23540,523300.29800
582,1.991771153,741509.61420,518494.46680
583,6.030549968,744685.96780,516779.99310
584,0,744718.66000,517585.63000
585,0,743222.50130,521678.49950
586,0,744867.35000,522426.11000
587,3.977076247,741676.89660,523346.31140
588,4.157906183,742392.94150,520893.96810
589,0.683918566,743039.44000,516024.14000
590,26.69036482,744653.28000,515974.36000
591,226.1126889,739806.65000,516123.78000
592,0,742276.94570,516045.02910
593,9.266192131,744779.19000,519190.78000
594,9.263850246,741421.20000,516074.06000
595,2.372701153,741538.16000,519299.31000
596,0,742290.05280,517663.32370
597,10.59698942,741481.07000,517689.62000
598,0,741593.00000,520921.62000
599,30.76885038,744843.62790,521622.02250
600,0,742507.55030,524131.23660
601,0,744006.39390,520842.12350
602,43.16984745,742351.07690,519268.67120
603,207.4412731,740833.76190,522553.35490
604,3.055935671,744819.91000,520817.93000
605,0,745621.86880,520793.46740
606,147.426233,743131.51550,518437.52810
607,163.5604402,743324.58930,524913.64620
608,58.77785922,740567.56090,516101.78400
609,64.48216946,741451.13100,516881.84400
610,5.284849738,745667.32980,522405.03920
611,35.78181865,744932.30950,524848.71310
612,62.6837627,741565.58260,520110.46620
613,10.09859262,743314.35000,524109.91000
614,6.794482608,743908.84850,517611.32700
615,126.8183373,744059.73530,522458.39840
616,100.0506253,744893.43700,523231.20480
617,0,741653.04000,522540.06000
618,24.12403368,743252.12000,522490.69000
619,26.03419646,740881.96120,524168.32630
620,229.9905621,741700.75000,524152.56000
621,0.799397739,743163.99000,519238.03000
622,33.95516865,713882.37000,525161.48000
623,53.60986679,715250.35160,519532.17130
624,126.5960457,711082.54200,517301.98380
625,7.492856884,720371.15000,524967.26000
626,30.3846302,712790.73900,518820.48060
627,0.802794721,716869.86240,519456.12610
628,101.3668993,711943.77490,518060.09070
629,43.18137103,714546.02830,521959.52790
630,15.03276703,712217.11660,524435.36850
631,0,715535.49650,525940.72360
632,1.973477439,712090.41470,521247.26630
633,10.2707786,712297.19850,526069.43920
634,0.38420804,715144.30000,517125.73000
635,0,713844.96720,524360.47260
636,3.023312647,717113.03000,525047.50000
637,0,716161.51760,521902.64030
638,1.334928645,716757.17000,517052.81000
639,0,715945.19290,517089.51890
640,0.480945848,713528.67000,517188.59000
641,5.799110712,712704.41340,517223.49780
642,1.134572519,718445.51000,518586.96000
643,0,713065.38150,525195.74200
644,6.457348783,718479.89910,519383.16790
645,8.30463946,713669.94000,520382.66000
646,2.639495305,715427.62000,523528.51000
647,0,717643.60760,518620.49390
648,0.837339652,713705.87170,521179.93460
649,4.391937843,720106.23620,519327.79290
650,53.71371176,716972.78000,521863.44000
651,13.48336239,718369.44000,516981.91000
652,35.71393134,718407.47610,517784.43090
653,6.710272341,715460.18370,524322.96420
654,309.9175597,713920.36200,525997.84820
655,3.169751782,714407.44220,518755.40830
656,0,716898.02000,520258.22000
657,0,713563.43930,517984.72840
658,1.78945082,715388.93740,522735.17670
659,271.5175759,720064.66000,518527.67000
660,22.82288277,711170.01680,518898.67060
661,49.95857876,714687.55610,525139.44880
662,2.517887198,713598.21000,518780.87000
663,1.323722035,716234.87000,523493.10300
664,0.489829707,720025.74370,517719.08900
665,0.391220901,714617.59480,523543.98800
666,198.5294985,719493.06940,523403.20530
667,0,714476.98260,520358.52510
668,0,714326.62730,517157.54160
669,18.52075585,715492.74000,525117.42000
670,27.15735166,711983.27000,518860.09000
671,3.463317003,712185.84000,523640.73000
672,0.951964639,712155.89200,522840.17240
673,0.643871456,719178.13720,516946.20610
674,0,712862.41090,520418.78840
675,5.914065728,711444.15760,525294.13360
676,0.266736377,718725.94770,524234.11480
677,79.16937847,712996.70220,523600.09910
678,275.8545268,719566.75200,525000.85800
679,12.29502595,720409.31050,525764.61550
680,58.75667576,713741.80000,521977.21000
681,0.54413225,718689.54000,523433.78000
682,171.3389063,716302.88910,525082.46150
683,0.875511011,715284.03000,520334.39000
684,4.176582,719331.05270,520153.64700
685,23.19031623,711375.67890,523696.76630
686,21.8212228,715350.25000,521941.84000
687,25.45173035,715216.68000,518729.95000
688,35.80640896,712248.40000,525230.01000
689,3.389440626,717042.12000,523457.70000
690,283.6952871,715180.48660,517927.83830
691,0,713634.07320,519581.76200
692,31.98890097,717937.69420,525040.97810
693,14.16115338,716799.44030,517853.42080
694,3.335931915,720147.82000,520127.91000
695,3.723977275,720183.32490,520929.36180
696,87.32325463,711315.65280,522091.84060
697,0.533576514,717007.45020,522660.56660
698,4.249492017,719255.08260,518557.31380
699,25.98501201,720218.83000,521730.81000
700,3.956562027,715317.13920,521138.11830
701,2.001829974,712054.88000,520454.92000
702,1.526229469,712933.87550,522008.41250
703,0,716091.02270,520296.30660
704,0,716935.64480,521066.06250
705,0,716841.71000,518654.03000
706,0,711904.27930,517260.08700
707,0,710393.90880,519739.88960
708,0,704034.66630,523164.64610
709,0,706196.50100,517506.82880
710,0,710535.43970,522948.43440
711,0,702961.44830,517587.08260
712,0,701327.72240,517681.93210
713,3.806801212,708656.47000,517394.14000
714,318.6435759,705710.66000,523908.66000
715,0.630756141,710468.20680,521343.30030
716,212.8145946,704951.85830,525527.15640
717,0,707343.65580,524650.18730
718,61.58616492,703259.91080,523997.08520
719,421.8564882,710505.36000,522144.07000
720,59.10807456,703875.96000,519193.94000
721,35.89007178,701442.49460,519312.30550
722,74.83968273,709823.91500,525366.87040
723,8.53879378,701579.53550,522505.45860
724,34.49344194,707180.11000,520666.15000
725,31.19474227,701647.49080,524101.59890
726,0,710431.05000,520542.53000
727,73.11456858,703193.80950,522407.26970
728,40.87377152,709467.03860,517366.71060
729,0,704067.99000,523959.38000
730,3.128607296,705403.43000,517537.55000
731,25.75486925,705739.28420,524705.55690
732,0,704135.81000,525551.86000
733,95.5977547,708699.99960,518196.33770
734,55.85376911,710356.76000,518937.25000
735,684.6422675,703965.79920,521578.56080
736,0,707203.81930,521461.03610
737,0,705533.04930,519930.73070
738,0,708743.53000,518998.53000
739,91.5719153,709753.94710,523767.34300
740,69.22630996,707013.14000,517476.07000
741,14.76324461,707378.13000,525443.97000
742,0,705677.18090,523110.06400
743,6.924499512,705767.91000,525502.45000
744,63.89039634,704165.98620,526405.69140
745,176.3450653,708836.10210,521387.33120
746,3.890250714,710677.28420,526172.60990
747,0,703811.41000,517549.38000
748,2.400609525,706306.69670,519100.01930
749,0.84783977,705797.29000,526345.58820
750,191.122819,705452.19390,518336.64260
751,0,704586.04670,517543.27530
752,2.508151876,701720.15820,525700.76800
753,95.0221942,702260.47000,519265.69000
754,0,706372.62410,520695.93880
755,5.827291171,708047.16090,522218.56340
756,1.240644094,702322.32000,520854.57000
757,35.10391658,708975.14210,524578.68210
758,34.83003465,707992.76060,520629.80400
759,0.491604364,702486.32680,524830.26100
760,30.48329837,710602.72000,524555.53140
761,0,708942.37000,523781.89000
762,0,707822.68780,517435.71200
763,1.168847264,709550.14840,518967.88990
764,11.12349226,703068.21540,519229.81290
765,205.580512,704688.46190,519164.83470
766,38.69645743,708193.02070,525409.72670
767,4.994119172,702354.29630,521649.59410
768,7.955853465,708805.41000,520593.46000
769,4.328740381,707421.56800,526284.92080
770,47.90709594,705604.42020,521518.59670
771,485.2090733,706435.61550,522283.69410
772,22.62264405,708866.79000,522181.20000
773,4.16995661,702520.82000,525625.73000
774,193.1947231,707268.35370,523056.16170
775,0,709686.07700,522162.63580
776,146.0982588,702520.84640,526479.12120
777,7.952930115,702386.27000,522444.62000
778,3.996133804,707309.18000,523856.40000
779,145.9611574,704001.35000,522369.92000
780,17.78426069,703930.25000,520787.21000
781,0.947241299,709007.91000,525375.48000
782,0,710639.92000,525358.26000
783,32.80063851,703328.31200,525588.79470
784,45.87617239,706573.02090,525473.21270
785,0,705643.70000,522311.46000
786,563.651708,708774.47160,519795.99610
787,416.4395669,707927.98250,519031.41950
788,21.87219618,710317.18740,518138.26280
789,22.40229488,705500.96000,519135.73000
790,5.74247038,707146.27150,519865.22740
791,30.61088646,703903.10680,519990.57100
792,2.948847813,706509.91910,523882.53160
793,694.7216108,702291.39460,520060.12710
794,5.895841954,703126.28600,520820.88520
795,55.29895993,704822.52520,522340.69060
796,1.41713298,707112.43000,519064.31000
797,1.185486969,705565.14000,520725.73000
798,18.177594,702451.84000,524034.79000
799,47.71809698,709045.41230,526218.16570
800,0.930875682,702419.05410,523239.70880
801,512.4056477,708125.77720,523819.14270
802,36.90479994,708904.58440,522981.54440
803,1.783478766,710565.52000,523752.80000
804,51.10273352,732271.94000,532536.24000
805,61.56562783,740138.47230,526637.70740
806,188.316025,739293.40180,525856.34360
807,28.9151314,740258.30900,529860.32300
808,0,739354.46090,527473.48350
809,71.45448413,733712.49000,527635.27000
810,33.57908311,739602.38690,533906.92590
811,1.356046032,737216.34350,534789.79120
812,27.65936259,736317.23420,532387.30820
813,50.44812725,737186.60000,533957.41000
814,171.6031794,737995.62760,533947.42710
815,0,733800.42780,530044.47030
816,47.08144437,738595.51000,529116.80000
817,2.584551825,737104.37160,531557.57070
818,12.12379283,735589.39060,534844.03420
819,27.70666667,735414.35930,530004.06260
820,41.42706993,732066.34350,526870.75780
821,0.493882839,737681.26740,525912.95290
822,22.70211248,740400.12000,533876.41000
823,82.32149431,737012.99000,529140.65000
824,16.62908905,736256.89850,530785.19440
825,30.85608844,740228.85000,529052.29000
826,5.671995935,735443.20000,530812.15000
827,1.589974507,736199.25150,529168.31610
828,5.363713959,738804.65000,533937.44000
829,26.21610914,733030.90550,530884.05820
830,36.20044092,732036.46000,526065.81000
831,3.315352371,740315.22180,531461.84930
832,19.72150068,736954.54000,527528.40000
833,105.8728897,739473.50990,530689.45180
834,10.82800275,735358.15580,528392.18970
835,0,733134.74750,534108.92620
836,0,734748.98190,534053.84600
837,0,737138.15000,532356.90000
838,0.60248227,732247.96550,531725.00730
839,76.78028052,732357.97040,534942.15220
840,34.87310755,732848.70330,526041.14140
841,40.00899754,736080.28630,525961.04330
842,18.21230774,736370.01520,533992.50450
843,3.683358325,731083.35520,526092.15410
844,5.551651687,735553.43000,534027.60000
845,8.766617623,733893.37000,532477.00000
846,0,731399.93290,534173.76540
847,164.0228801,736881.93000,525943.67000
848,69.57209265,734469.79640,525997.44590
849,23.84766082,739532.33390,532293.27360
850,0.357314714,736918.23100,526736.03440
851,68.79158676,733660.95000,526016.47000
852,14.47311688,732155.57000,529279.34000
853,72.98394542,733737.76110,528434.93450
854,31.26124223,732904.35610,527655.48540
855,0.288516622,735278.65000,525978.42000
856,10.93860345,738538.17000,527502.00000
857,16.75893508,735524.87480,533222.65860
858,33.13115634,735496.32000,532417.72000
859,3.55168139,740430.72120,534708.74730
860,0,732223.99000,530913.78000
861,53.80825614,731146.18780,527711.80220
862,71.57333922,733837.82000,530854.34000
863,62.51626019,738763.32250,533134.32700
864,18.1010569,738566.84360,528309.40130
865,21.70240936,740342.68000,532255.34000
866,8.963480403,732324.96000,534137.76000
867,39.70790532,735304.72100,526783.41060
868,0,737070.59000,530758.24000
869,60.58939563,734694.84550,532447.36030
870,68.34481955,737041.79080,529949.44790
871,1.885168416,731337.37610,532566.37040
872,14.85482844,732189.77880,530096.55850
873,5.59132432,733865.59540,531665.67080
874,70.43701198,732298.45030,533336.99830
875,3.986200915,734574.27620,529215.29050
876,65.16132078,735385.52000,529195.98000
877,0.660895985,737746.35410,527515.20110
878,9.386154895,738838.30860,534760.08600
879,230.4903035,733972.00940,534890.48120
880,1.075350715,740371.39830,533065.87240
881,235.0782467,732959.30120,529256.97060
882,1.020467573,740199.80060,528248.62640
883,1.59760355,737804.25090,529128.72830
884,12.02677105,738480.61000,525882.24000
885,19.54320866,731273.08230,530937.34200
886,6.837074506,734640.51090,530833.24230
887,180.1133204,737162.37460,533157.15420
888,25.19676447,739412.18320,529084.54430
889,122.3557961,734521.64070,527611.83360
890,97.84908185,737930.06960,532344.05410
891,157.8957511,738509.39050,526692.11970
892,4.325844021,735330.80000,527588.40000
893,415.4122617,736142.66570,527558.40170
894,0.728015013,733944.53000,534080.09000
895,6.797984279,738627.38410,529913.67310
896,0,737864.92400,530734.39270
897,46.55272028,733686.71600,526825.86890
898,76.35494408,738721.99000,532331.21000
899,89.29059361,731207.40010,529306.06870
900,55.21965954,740287.77000,530668.36000
901,210.3413591,732096.23000,527675.70000
902,9.7868404,735469.76110,531614.93190
903,28.02783358,740170.75000,527444.97000
904,37.1982591,736983.76140,528334.52810
905,0,733763.04000,529234.60000
906,167.2734292,732125.89630,528477.52150
907,6.795385421,738659.25000,530710.54000
908,43.51331597,738690.62200,531520.87610
909,257.4836111,723822.94000,529630.71000
910,54.40046129,727779.74590,527845.10370
911,10.17492722,726999.47210,528686.44020
912,79.54704965,725422.16000,529562.65000
913,297.0661158,723784.60580,528829.18900
914,1782.549214,729395.03700,527778.80400
915,65.36942224,730196.15000,527747.90000
916,0,730506.73860,535001.84030
917,0,725629.48000,534385.29000
918,0,729661.62680,534236.97650
919,0,730362.49290,531778.70510
920,0,727282.09700,535128.68220
921,0,727914.07630,531061.48670
922,0,728690.06450,530225.25840
923,0.789651788,726376.52690,532748.92160
924,0,722095.56610,527301.07490
925,0,722193.74000,529703.79000
926,87.08901405,725598.60260,533585.25590
927,0,728556.56720,527001.32530
928,2.856815973,728848.35000,534264.18000
929,50.03476691,728720.95000,531032.47000
930,71.4068426,727981.44330,532680.76200
931,0.865127109,727146.26510,531901.56230
932,0,725290.58000,526347.37000
933,134.4663984,726227.77090,529527.51750
934,1.182827499,723746.27000,528027.67000
935,0,724026.68000,534461.79000
936,2.117780063,725325.27070,527147.55220
937,1.513502467,723891.56000,531245.39000
938,0.463676354,722434.27240,535334.82950
939,21.67561473,725529.05110,531980.74760
940,485.1580104,721253.59920,526528.16120
941,0,730538.57000,535793.91000
942,42.99775908,727070.28990,530291.44260
943,32.8277654,725391.06190,528755.19370
944,11.85897689,729521.56170,530996.68740
945,9.199835762,726901.11000,526273.08000
946,8.003564905,727710.15880,526233.01350
947,25.35849229,730474.90000,534209.77000
948,10.44104098,728749.25450,531840.68640
949,68.46163743,730163.19950,526933.19840
950,2.67229168,722263.47000,531317.02000
951,19.03566595,722326.56000,532922.08000
952,34.4221995,724488.38130,526383.37190
953,27.24301393,728887.58460,535064.57000
954,7.126816646,726933.33740,527076.79200
955,19.2207021,729459.20640,529375.42320
956,86.45217029,723077.51710,531281.20090
957,22.88935022,730259.23000,529332.80000
958,0,728626.55190,528613.87790
959,100.3429736,725567.73000,532785.22000
960,10.72081461,730322.17000,530960.91000
961,20.42939814,730227.69160,528540.34930
962,0.554793263,722872.95380,526456.86390
963,2.678128109,725661.82030,535192.60600
964,0.542423904,721323.08360,528142.55170
965,108.34155,722059.73000,526494.36000
966,0.42270822,726298.78920,531133.38820
967,7.054731676,724622.55420,529596.68070
968,21.38788932,729324.72970,526155.71970
969,0.110505618,728519.21000,526192.94000
970,1.259284571,723686.18000,526419.37000
971,133.0076059,723213.07950,534498.43700
972,0.277551674,723959.03000,532852.26000
973,1.801732344,721588.18090,534576.63600
974,28.11848701,726438.57500,534351.47590
975,11.44911139,728812.95380,533456.54310
976,2.637844058,722162.57260,528905.79380
977,2.402758841,730402.81000,532596.50000
978,78.46038244,725456.27020,530369.46320
979,59.24563376,724690.96890,531210.82900
980,50.71152623,721523.60250,532964.05310
981,48.51960315,721453.08580,531352.05440
982,32.83501131,724828.08120,534423.53830
983,39.59297385,720447.47000,526561.97000
984,48.76562156,724058.59510,535263.13330
985,5.290495949,722399.48000,534535.09000
986,160.5446961,723716.22420,527223.52170
987,45.56916754,728659.18000,529418.05000
988,281.0491347,725359.96000,527947.73000
989,330.3807523,727185.33000,532712.62000
990,11.26891422,724553.11350,527987.70210
991,4.640336645,728048.00980,534290.92270
992,23.78419886,725490.38000,531176.27000
993,0,723925.29800,532048.82110
994,0,730438.85880,533403.13750
995,85.06980151,722295.01840,532119.54920
996,587.0336289,722363.02000,533728.58430
997,0.747206204,726095.84490,526310.22780
998,101.6451735,727033.38000,529492.38000
999,487.2706771,722228.60620,530510.40440
1000,19.88382552,727846.27810,529455.21430
1001,5.803105263,727216.49930,533515.14160
1002,8.26873639,726162.76320,527914.11640
1003,29.82428536,728777.56000,532648.90000
1004,4.47685967,722131.41000,528107.79000
1005,2.017608791,727247.67000,534317.66000
1006,0.605491736,724763.38020,532818.73970
1007,86.02271372,723857.25280,530438.04660
1008,0.705565236,723008.34190,529667.25010
1009,20.54813467,728593.93000,527809.71000
1010,1.237373366,721388.78750,529739.81930
1011,0.983035263,742003.72000,533801.06000
1012,174.898801,741725.53000,525778.97000
1013,8.220409278,741798.79340,528181.66760
1014,33.89061339,741028.19200,529014.93740
1015,91.09115723,741201.91890,533838.73460
1016,2.739752717,741087.45270,530627.90780
1017,92.58261691,740915.86040,525804.71050
1018,341.9777128,741770.05000,527385.75000
1019,35.56725828,743394.17000,527325.80000
1020,1.354915212,742582.10990,527355.77480
1021,6.364954249,741913.27840,531392.43430
1022,33.00915999,742035.22710,534645.60870
1023,0,744276.79880,530520.94870
1024,0,744985.64200,526462.03690
1025,16.74097641,743553.81220,532888.65490
1026,57.7601771,742736.10370,532166.88340
1027,298.064704,741971.56820,532999.23800
1028,9.823480581,744203.35500,527294.61330
1029,64.84639091,742768.42870,533768.33950
1030,27.56133492,743465.46660,529736.36570
1031,34.24883121,741141.04760,532226.37580
1032,23.79571104,743334.83000,525717.38000
1033,101.4695825,742689.17970,530565.18700
1034,33.01306971,745084.34960,529628.78400
1035,0,744958.74000,525660.65000
1036,160.6253792,740970.40200,527415.35660
1037,71.05828002,742530.17790,525748.17800
1038,37.30222697,743512.00500,531339.63620
1039,4.316871607,741827.53000,528977.59000
1040,1.670622963,743532.79000,532136.35000
1041,61.00261193,744139.96180,525689.25500
1042,0.423899126,742633.62260,528953.70100
1043,840.9945739,741887.14000,530587.45000
1044,110.40075,744251.71910,528902.28940
1045,0,743364.49770,526521.59310
1046,73.33533858,743491.22000,530542.92000
1047,13.51599384,745012.54000,527263.42000
1048,37.73721045,743439.71000,528929.81000
1049,0,743416.93910,528127.80820
1050,54.38533324,741857.33570,529782.52230
1051,249.081321,741939.42000,532197.41000
1052,89.22221799,741747.79010,526582.35970
1053,116.4050459,740106.20000,525830.45000
1054,14.00734875,745755.61110,525639.25890
1055,46.7391553,718232.08520,531493.47040
1056,115.0410274,719838.93810,531423.15850
1057,0.049231943,715862.50350,532396.89820
1058,107.7726222,717458.88880,532331.37990
1059,0,713390.01330,531693.53880
1060,18.00536695,720613.26710,530581.46940
1061,0,719640.91590,526593.76430
1062,0.425194942,720776.89000,534618.19000
1063,1.146299557,720681.66990,532196.55830
1064,0.417003539,714007.57000,526832.29000
1065,0,713329.66900,530091.13660
1066,9.325565928,718161.69680,529882.23810
1067,28.07218554,717550.39000,534727.97000
1068,0.947430914,712394.98000,526906.91000
1069,1.874446871,718834.36000,526625.56000
1070,14.57985085,717221.26000,526693.33000
1071,3.533067919,714792.90800,526798.16160
1072,0.917747351,715689.51000,528376.35000
1073,0.2262209,717584.32420,535538.70130
1074,0.572786777,718933.84640,529044.70640
1075,0.439608553,716693.52950,533165.00780
1076,0.157208543,711808.68770,533370.70720
1077,86.31731121,715790.66500,530795.90750
1078,68.94481571,717519.58570,533931.50740
1079,25.25893498,717322.98440,529112.70520
1080,4.496543752,717356.50000,529916.27000
1081,32.45337947,712429.86290,527710.31520
1082,30.56705584,717392.74640,530721.99110
1083,81.99560265,715626.99000,526762.00000
1084,29.05589133,714103.70390,529251.39460
1085,6.417202088,716555.54870,529954.62820
1086,21.22415868,715826.73000,531598.82000
1087,85.72433273,714132.42000,530058.86000
1088,7.980102251,713176.66880,526870.56530
1089,0,713269.86600,528478.82550
1090,2.130688521,717428.99000,531527.72000
1091,243.327976,715754.60000,529992.99000
1092,107.1326107,712495.83110,529318.56750
1093,23.95779565,717289.47000,528309.15000
1094,0.42245617,716489.49130,528342.74970
1095,2.615706818,720748.76330,533812.10480
1096,61.72773396,715013.32410,531634.56970
1097,0,715965.86000,534797.34000
1098,0.404020035,719201.38060,535467.98280
1099,0.42291343,719105.00000,533054.13000
1100,8.408566261,717255.36490,527501.23850
1101,0.832818948,712526.92000,530123.42000
1102,0.618744628,717488.78000,533135.04000
1103,132.2955305,719707.78050,528209.25540
1104,0.303709064,718359.68190,534694.76650
1105,0,716627.86280,531563.27040
1106,135.6155733,710714.65000,526986.96000
1107,23.07933169,714074.99000,528443.93000
1108,60.89915605,714943.50890,530025.92330
1109,0,716406.69200,526728.29120
1110,343.7323171,718900.80000,528241.20000
1111,166.9314885,719001.03550,530653.71750
1112,0.655592651,712464.74000,528513.72000
1113,6.67827211,712553.51440,530920.08990
1114,0,715898.27000,533194.97000
1115,0.936194603,714041.27750,527638.11430
1116,0,711530.32510,526947.91550
1117,21.62708971,720549.29860,528976.57730
1118,19.53353026,719912.82060,533030.07900
1119,0,720514.76000,528177.31000
1120,162.9347794,718095.13400,528275.17350
1121,51.97838318,718867.57960,527433.38170
1122,113.853441,720720.64000,533006.02000
1123,0,718966.89000,529848.21000
1124,1.137135105,720583.84000,529775.85000
1125,3.39299568,715996.30920,535605.87270
1126,0,714882.25060,528410.14400
1127,7.907731072,714166.16800,530864.58540
1128,192.8417524,719775.36450,529812.02830
1129,188.2090563,716758.12500,534762.65570
1130,0.582543576,711623.22870,528553.95170
1131,45.27986121,715722.05560,529184.67270
1132,0,719070.08890,532256.67920
1133,33.04824201,719136.98880,533857.84790
1134,3.498725189,720481.11680,527369.63790
1135,7.063639311,720807.33690,535411.85510
1136,17.28338424,720642.70000,531387.09000
1137,0.667473918,711740.21250,531750.78260
1138,0,718027.81050,526659.44680
1139,255.9323422,719035.18000,531459.22000
1140,531.7275177,709287.36000,531865.95000
1141,67.29971968,710871.06420,530995.61650
1142,0,709370.13220,534272.18490
1143,0,710811.76360,529400.30790
1144,0,704598.50090,536119.87380
1145,0,704259.69000,527256.39000
1146,0,707839.88370,535956.96270
1147,0,710781.71000,528594.19000
1148,0,710217.29620,535042.47820
1149,0.033841339,705934.39000,528795.94000
1150,0.260978318,711035.37000,535005.43000
1151,0.171613639,710900.31000,531784.80000
1152,60.47022377,705043.17730,527222.55550
1153,5.958369489,706666.24750,527156.15620
1154,0,710748.18070,527790.57190
1155,18.52613282,709100.41000,527059.87000
1156,3.669079637,708273.95960,527093.35970
1157,2.141480674,709167.17000,528665.09000
1158,21.3468961,709262.40640,531061.31000
1159,274.6671933,705867.49000,527186.45000
1160,0,711074.56600,535817.61420
1161,0,703422.49150,527293.17940
1162,117.5040255,706744.32030,528760.33280
1163,29.59698209,707465.00000,527125.87000
1164,34.35089709,701758.56980,527365.59920
1165,1.038248714,707583.28800,529522.31740
1166,129.0281073,707554.25000,528724.73000
1167,0,709907.53110,527023.41540
1168,39.21683538,709974.44100,528629.63600
1169,357.3286147,708599.23140,535118.05940
1170,0,710998.48460,534205.05710
1171,509.149327,709314.20160,532665.39250
1172,25.62558151,709428.47710,535883.69120
1173,31.72740821,705900.94140,527991.19200
1174,54.90034808,707509.62640,527925.29700
1175,39.69872109,708360.70870,528694.90660
1176,247.3269958,709133.79140,527862.47950
1177,40.16216682,709202.30880,529460.87980
1178,0,704321.97000,528865.17000
1179,146.1396343,709399.23000,535079.53000
1180,0,710930.95830,532594.74610
1181,1.692022451,709237.45000,530256.67000
1182,45.0857044,737270.06450,536430.36700
1183,585.0216995,738149.50920,538832.38060
1184,96.87369553,736484.77480,537258.85410
1185,118.8043225,737294.04000,537238.56000
1186,112.0270158,738093.10990,537217.19090
1187,18.54088435,733255.13600,537324.64840
1188,18.5131513,739666.64280,535561.90750
1189,49.49498188,734106.96000,538924.84000
1190,152.7962733,735625.35000,535660.47000
1191,567.6294157,735015.03100,542130.33270
1192,59.88939016,738049.00540,535602.69290
1193,99.78069829,734919.13700,538914.92710
1194,6.571803026,735650.42910,536469.80800
1195,0,734866.08330,537293.44830
1196,0.33395572,733504.10950,543768.64390
1197,0,731464.77610,535770.22710
1198,0,733195.23230,535723.70720
1199,0.055295187,738975.49620,539607.99370
1200,0.491380933,740486.91680,536337.74650
1201,3.814873895,735899.22000,543716.82000
1202,12.80027412,736435.71890,535641.32090
1203,5.100307007,735108.43040,543732.81320
1204,11.5598636,735675.51000,537279.15000
1205,6.877239516,734342.74510,544554.68690
1206,2.625668967,732512.78000,538956.57000
1207,0.986852571,734183.92120,541346.31790
1208,66.40806284,733999.49000,535700.87000
1209,28.08353709,732597.00080,541375.22130
1210,5.035391917,731529.68990,537365.88140
1211,0.750830343,740512.51000,537134.41000
1212,132.2739452,739759.89050,538786.28290
1213,129.7997972,732390.98000,535746.54000
1214,0.417877988,732422.29590,536544.04600
1215,156.5766266,738872.05080,536389.51680
1216,101.7803952,737324.10430,538047.12110
1217,9.480151236,740595.54470,539565.70630
1218,146.2633854,731593.63830,538981.87700
1219,4.597128547,740539.52020,537949.06290
1220,0,736542.73790,538880.34660
1221,9.483845059,732453.61000,537341.55000
1222,26.53851521,738851.92420,535583.21300
1223,42.97835425,737477.20630,542881.87660
1224,0.330560257,734969.69500,540524.63590
1225,14.26820727,738953.25000,538808.85000
1226,25.26937149,735820.56000,542110.47000
1227,5.765630062,739815.34970,540387.29970
1228,11.80159129,735933.05920,544521.98990
1229,14.69313725,735731.31000,538905.01000
1230,39.68082607,733359.88530,540554.40560
1231,17.05947493,735756.17940,539705.92160
1232,17.34460382,734317.64000,543748.81000
1233,6.405800415,734263.57190,542949.50260
1234,0,732690.58000,543788.48000
1235,18.1182952,737246.09000,535622.17000
1236,30.93498953,732661.57440,542986.27500
1237,0,734812.41810,535680.66930
1238,0.911109804,735859.88960,542913.64340
1239,37.2804292,733309.87280,538940.70740
1240,37.30628314,732721.05540,544591.16750
1241,34.81078102,733421.03670,542167.13370
1242,0.855555675,732632.57000,542184.07000
1243,41.5685594,734081.81190,538116.29580
1244,10.28650482,731710.64720,542201.41330
1245,17.79923942,736703.16050,543699.37230
1246,22.16252891,734028.07230,536504.30960
1247,32.56835483,738892.18000,537195.82000
1248,1.963693346,734209.50000,542150.20000
1249,11.35844291,732561.43000,540566.37000
1250,27.82402362,734158.34000,540542.44000
1251,1.481250123,740624.56000,540367.69000
1252,139.2379823,738922.71420,538002.33300
1253,4.728551092,734056.66000,537307.75000
1254,19.80124312,740676.94000,541981.83000
1255,2.920840047,732537.10560,539761.47150
1256,33.87050873,732483.19690,538149.06010
1257,53.68895118,735703.40840,538092.07960
1258,1.092505,739702.34390,537165.11300
1259,11.22074778,737354.17000,538855.68000
1260,34.3916127,739006.14000,540406.91000
1261,35.19420238,740566.53000,538763.72000
1262,5.500464305,731769.63660,543810.22050
1263,49.60704343,730788.72000,542218.75000
1264,14.41318448,729126.92160,541486.37760
1265,0,721923.52680,542623.33960
1266,0,724892.33420,536032.20100
1267,0,724391.05000,544130.94000
1268,0,725797.57940,538422.04190
1269,0,722820.35840,544976.58280
1270,0,722764.83960,543393.88550
1271,0,720837.79000,536205.52000
1272,0,721868.34520,541005.42060
1273,0,725019.26740,539263.69320
1274,0,723407.66950,539335.78410
1275,17.60218694,730605.77000,537390.22000
1276,6.17695639,730763.77850,541409.57580
1277,0.38214073,724123.30990,536871.82520
1278,27.06433053,730706.66480,539803.78930
1279,88.11539957,728237.89340,539119.80170
1280,11.2967609,729231.05000,543881.61000
1281,0,724266.31000,540902.92000
1282,1.288299512,728351.27230,542330.33660
1283,29.06067489,722796.00000,544200.02000
1284,1.588986497,725990.40000,544047.30000
1285,0,727346.51910,536744.09130
1286,58.51129507,729011.16780,538275.59430
1287,36.99639502,730572.17010,536592.06250
1288,0.209302372,726505.34220,535969.81230
1289,1.302583142,725768.13000,537616.52000
1290,82.76567507,727316.52000,535939.70000
1291,12.46172108,729098.76000,540678.67000
1292,14.62731542,722674.57000,540971.69000
1293,97.75252765,726631.75260,539191.59150
1294,0,727599.27000,543960.85000
1295,2.501049151,727406.49640,538352.04850
1296,48.18307177,723279.78800,536099.52590
1297,0,728121.67170,535902.32940
1298,9.48018338,726741.60990,542407.21290
1299,13.49047093,722532.00000,537747.03000
1300,26.99945638,729069.03540,539881.32990
1301,0,725731.14620,536808.21990
1302,89.91524177,728297.65900,540722.21580
1303,47.80228267,725910.84180,541643.26050
1304,16.30064535,727466.51710,539960.68760
1305,6.522951854,729971.90200,542256.41870
1306,0,725827.03000,539227.57000
1307,0,724156.11000,537679.17000
1308,9.154933693,725963.07880,543247.56950
1309,3.200180476,728926.82000,535864.96000
1310,30.9247109,725935.76000,542447.84000
1311,0,721653.42840,536170.04860
1312,0,725694.16000,535999.92000
1313,3.476133105,726691.24170,540802.22240
1314,0,724364.55620,543331.10120
1315,0,730818.70940,543025.35870
1316,0.288253226,722469.07000,536134.57000
1317,3.392457181,729918.79810,540639.53470
1318,0.741647413,721995.03980,544226.16020
1319,0.08856612,724962.12190,537647.84410
1320,0.363231365,729856.90210,539045.58460
1321,23.32248219,723344.05470,537713.10060
1322,0,724090.51000,536064.48000
1323,9.538239317,726572.32310,537582.49890
1324,0.536102337,725190.72380,544089.12080
1325,0,726022.05800,544836.00360
1326,0,724338.07000,542531.26000
1327,9.737033646,724183.80990,538489.49540
1328,48.01894455,727547.46000,542366.59000
1329,1.014793266,729039.31000,539083.99000
1330,7.418778352,727627.75220,544761.72170
1331,0.299955592,728415.15680,543921.22820
1332,2.00697011,722567.91440,538559.38930
1333,0,729257.57090,544689.82070
1334,29.45632306,726794.83360,544004.07660
1335,7.809392461,728954.92340,536666.07920
1336,27.65847198,727496.56000,540765.76000
1337,24.25763636,727522.00980,541566.17480
1338,0.582049042,721718.63030,537784.06420
1339,0.582049042,721794.10470,539407.99170
1340,38.26968457,729794.39710,537428.70800
1341,0,727573.36480,543163.72000
1342,0,724238.90630,540101.36930
1343,24.7687087,729155.08000,542294.08000
1344,27.73420945,722500.53280,536940.80130
1345,5.481755638,724302.18550,541717.09170
1346,48.40257542,723470.43850,540937.30230
1347,39.00817714,728983.03000,537467.20000
1348,0,730674.50000,539007.18000
1349,25.27829081,727436.48000,539155.62000
1350,9.183024855,722603.83000,539371.75000
1351,22.21127198,727376.51000,537548.48000
1352,0.137973108,725136.91120,542489.54980
1353,12.98408305,729193.06430,543087.84480
1354,0,728179.77080,537507.84110
1355,18.00132913,730039.87180,543856.78470
1356,0,730848.70000,543831.96000
1357,225.9823608,730874.37950,544635.52980
1358,4.95101993,729732.69640,535829.43370
1359,23.37197555,730900.06000,545439.10000
1360,93.04522708,742709.71240,537062.02390
1361,9.207733188,741264.02940,535515.62140
1362,13.27885584,741463.27850,541953.46930
1363,30.93298625,742290.72000,543535.40000
1364,14.44413446,742131.12390,537881.94220
1365,1.540627125,742200.44000,540309.66000
1366,14.14035151,741309.39790,537096.53710
1367,103.8059242,741361.24630,538734.46800
1368,29.66659373,742066.74000,535490.16000
1369,17.62727847,742178.20200,539507.43990
1370,3.743492186,742673.20590,535472.14820
1371,103.3274819,742249.61000,541925.11000
1372,4.793678155,741412.50040,540338.67820
1373,7.046723823,742225.02680,541117.38700
1374,8.947594109,740461.32000,535541.09000
1375,1.740251436,742086.51050,536274.41200
1376,211.5068205,742270.16750,542730.25290
1377,10.11958048,742760.08330,538687.61560
1378,0.388425178,742155.96000,538705.22000
1379,1.597875981,742106.29000,537058.67000
1380,1.159886915,742799.53990,540288.22970
1381,0.08073765,714658.63000,542903.16000
1382,0,716030.32040,537224.52420
1383,0,716127.25000,539661.81000
1384,0,721194.08000,544252.30000
1385,0,719559.50000,544305.53000
1386,0,719532.71090,543520.13080
1387,0,713043.67000,542966.83000
1388,0,714690.02690,543706.73760
1389,0,715201.63340,536455.06800
1390,0,717618.26000,536349.43000
1391,0,720262.64060,541070.50500
1392,0.09297978,719233.78000,536274.40000
1393,0.063200188,720905.26000,537821.10000
1394,0,721113.37000,542658.92000
1395,0,719264.79010,537083.89360
1396,0.030164762,714458.80000,538097.66000
1397,170.2688122,715999.20000,536420.51000
1398,19.560515,719582.93310,545091.09650
1399,0.065242734,716937.08300,539625.51910
1400,3.653937187,720035.78600,536239.96420
1401,0,714488.96030,538906.40970
1402,15.75266606,717778.99100,540380.86900
1403,0,720944.82060,538632.66660
1404,0,719421.80150,540308.95380
1405,33.15948417,714628.91180,542102.72480
1406,0,712834.39000,538168.76000
1407,167.4648586,713713.75220,539752.14950
1408,0.421643201,717649.72470,537158.15910
1409,230.7931085,714519.12000,539715.16000
1410,0,718747.57430,544336.00620
1411,19.40187526,712908.39000,539789.13000
1412,19.34584569,714599.19000,541302.29000
1413,15.63867979,719338.11850,538704.71830
1414,95.6445429,716061.44000,538028.54000
1415,0.510128037,720182.40910,539480.14400
1416,0.09570691,715401.29690,541263.18210
1417,194.0063534,718563.67850,539552.64100
1418,0.97473484,716871.31620,537997.71300
1419,0,716094.34710,538845.17430
1420,0,717681.19000,537966.89000
1421,0,712946.78740,540588.10630
1422,3.034955882,720309.64960,542696.82860
1423,0,717905.89210,543579.20930
1424,72.89995349,720984.38000,539444.23000
1425,52.48352396,720100.53000,537857.24090
1426,0,716822.50840,536381.91830
1427,79.30303188,717876.13000,542791.94000
1428,0,715323.11580,539686.76940
1429,15.57953243,721023.24820,540241.69520
1430,47.46246638,721062.12000,541039.16000
1431,0.103724206,719463.16000,541101.85000
1432,1.515356799,712075.94920,539823.33750
1433,0,717811.07000,541172.51000
1434,0,717007.23500,541198.29190
1435,0,717072.37500,542818.76710
1436,0,711174.99000,538240.43000
1437,0,711423.20000,543042.06000
1438,2.532813483,708004.14830,539187.42920
1439,946.085978,711502.70000,544673.27000
1440,212.9453824,710454.69420,539887.04450
1441,99.55313187,708667.86530,536716.86550
1442,1.355187834,707970.68000,538375.53000
1443,0,703371.62600,544229.89890
1444,0,709500.78000,536685.71000
1445,0,708106.21000,541594.24000
1446,0,703215.06690,541022.43960
1447,0,702203.82680,537041.26370
1448,0,703412.77000,545033.39000
1449,0,711209.94230,539048.95590
1450,0,702443.76870,541858.83650
1451,99.53097385,711243.51000,539857.54000
1452,0,704807.77000,540154.08000
1453,0.411172588,706708.95690,545682.31070
1454,1.537312255,706669.30000,544893.02000
1455,14.90972786,710533.10150,541492.43020
1456,21.15654626,709021.66190,543168.49710
1457,11.74249139,707878.46000,536756.21000
1458,15.43644047,711143.99440,537428.55880
1459,52.11491171,705000.39520,544164.91640
1460,19.26700369,703032.27000,537001.94000
1461,80.90480265,707066.44390,536795.65480
1462,0,704925.65660,542557.95790
1463,104.2954787,708320.48950,545619.50950
1464,13.80475146,711326.71000,541460.53000
1465,56.08185104,704225.48070,544997.42420
1466,0,710306.88800,536651.19810
1467,5.123088045,706462.25840,540868.65530
1468,0,702356.09100,540257.26060
1469,37.26776906,709702.77580,540722.36730
1470,134.9277702,711374.53330,542251.32650
1471,112.7491192,706418.67000,540068.48000
1472,3.622817546,708071.91450,540796.78530
1473,36.65370843,704146.36670,543392.73960
1474,45.98701164,704962.25000,543359.07000
1475,0.730001937,709739.40000,541521.94000
1476,3.571444617,707228.14190,540033.90860
1477,167.1659878,702521.43300,543459.29400
1478,0,708150.54360,542401.04190
1479,11.34521742,703295.01780,542624.72120
1480,1054.379648,704644.46000,536926.04000
1481,64.02401288,705076.35150,545758.86690
1482,59.65112497,707924.56840,537565.86830
1483,0.293924578,703330.48000,543426.41000
1484,0.759174887,707306.03100,541631.53210
1485,0,709848.31000,543126.26000
1486,16.71472899,711547.33960,545466.17640
1487,0,711285.11100,540659.03600
1488,78.85857717,706551.29050,542473.44310
1489,0,706596.73000,543278.06000
1490,135.9122489,734493.53000,550153.16000
1491,0,734418.63000,546965.00000
1492,43.80554349,734459.70000,548570.09000
1493,0,731890.13260,547019.15920
1494,76.82114512,734439.16600,547767.54320
1495,0,732811.92000,546990.49000
1496,21.8523592,735364.46310,553352.03380
1497,0,731825.79820,545416.47680
1498,201.9361683,731979.98480,550246.27080
1499,141.610224,732022.52130,551848.99600
1500,208.2958853,736188.11850,554128.44960
1501,11.70192869,733660.09830,548585.73990
1502,66.68320843,732836.20640,547795.94050
1503,464.6760378,732781.72610,546192.17340
1504,100.8859176,732910.31820,551023.40110
1505,19.16222807,732860.49000,548601.39000
1506,3.407045754,732926.45000,551822.03000
1507,40.73083413,732949.28000,553428.08000
1508,0.461383656,732751.53000,545393.86000
1509,39.96911961,734543.37150,552572.68220
1510,0,732059.84790,553455.87480
1511,12.2406443,733693.85810,550188.96290
1512,81.63495071,734528.21000,551770.78000
1513,182.4549053,733615.27420,546977.74380
1514,255.4122962,735221.20510,546946.98200
1515,26.30790187,733753.90560,553401.33250
1516,44.91836061,732877.33990,549413.08020
1517,31.5512293,731935.56920,548624.42190
1518,202.4837134,734572.22990,554178.07220
1519,0,733727.33090,551796.40760
1520,7.504725594,732964.34740,554230.93280
1521,7.184821256,732894.19000,550224.77000
1522,230.4744377,734476.61650,549361.62270
1523,28.69341642,732937.86500,552625.05790
1524,18.31846913,734510.87080,550961.96940
1525,0,731198.62320,554291.25870
1526,251.1149278,729364.15220,547917.93180
1527,6.239424662,726287.61000,552078.82000
1528,24.26060097,731092.18790,551071.86560
1529,0,731144.50420,552679.81290
1530,336.716564,727980.13000,553625.29000
1531,214.8614964,729338.58000,547107.13000
1532,0,728778.18780,553594.31570
1533,0,729528.49000,551947.20000
1534,0,721244.56000,545808.34000
1535,0,725553.16660,553702.37970
1536,0,726144.63890,548036.76800
1537,0,725371.64370,548866.32550
1538,0,727895.30000,552016.67000
1539,0,726918.30560,547201.43870
1540,38.29804085,725483.62710,552103.32010
1541,0.649577803,727836.26000,550406.32000
1542,0,730934.20470,546243.46260
1543,0.539392315,722935.35490,548156.09520
1544,8.420842702,725428.84480,550484.39820
1545,722.2256179,729601.52700,554363.76700
1546,42.60345098,727721.75000,547169.63000
1547,19.95548734,731010.64000,548647.45000
1548,31.3854804,726205.69280,549648.86270
1549,2.469626654,731170.42000,553483.67000
1550,4.01797391,723887.69660,552152.12750
1551,104.9470322,730968.35000,547047.83000
1552,16.45918955,722315.06250,552198.78590
1553,53.70389544,726854.97660,545593.64870
1554,0,724679.64000,552127.82000
1555,8.906449033,730092.07860,545468.56570
1556,35.94575574,723946.45330,553754.56380
1557,38.17205633,726114.86000,547233.25000
1558,18.92078988,730323.54040,551911.58070
1559,43.47853341,727688.99610,546366.10970
1560,40.78645614,730153.46240,547077.47710
1561,1.214707313,724568.87000,548892.37000
1562,43.63794775,729284.09000,545498.03000
1563,0,727865.77800,551211.49790
1564,6.996398064,727656.24000,545562.59000
1565,17.34074212,729427.12960,549531.38140
1566,13.8077064,723095.75000,552176.43000
1567,12.69466073,728470.16640,545530.31420
1568,20.41417395,727168.78760,553653.24510
1569,0.189468017,728530.16610,547138.37570
1570,4.122512154,724620.72000,550511.36000
1571,1.839557553,728711.89240,551981.93740
1572,89.21554873,730200.18510,548688.09540
1573,0,729496.51100,551140.61360
1574,92.21883357,726236.97000,550457.44000
1575,0,723770.03370,548924.98490
1576,35.14167417,729464.53000,550334.02000
1577,6.921980979,730265.15850,550300.89850
1578,0,727036.61270,550431.88220
1579,65.68697219,726322.52990,552880.00650
1580,65.68697219,727091.45330,552047.74390
1581,21.511535,722971.20000,548957.60000
1582,2.419060121,730373.33300,553523.50280
1583,54.94497857,728585.87050,548755.65980
1584,653.8219161,727937.71110,552820.98250
1585,5.490618455,726357.45000,553681.20000
1586,54.07911687,726262.28800,551268.12810
1587,25.27025059,724782.64600,554531.07330
1588,298.5367381,724544.52940,548089.99400
1589,52.64387075,727751.88440,547976.10370
1590,6.694771592,731065.78000,550267.77000
1591,1375.299476,729389.73000,548728.74000
1592,0.708547298,723169.63440,554603.27710
1593,289.7244464,726084.28610,546428.97760
1594,829.3230483,731118.59000,551875.96000
1595,8.503104751,726053.71000,545624.70000
1596,11.24584257,725255.92930,545654.66440
1597,491.2647042,724489.16790,546486.12330
1598,4.591818579,718384.69000,553962.34000
1599,30.17708703,715099.65490,553329.39710
1600,30.31472281,714957.41260,550109.51180
1601,0,712381.72190,546223.57840
1602,0,719606.37000,545876.66000
1603,0,715174.20510,554855.18320
1604,0.077063297,716574.33000,550034.52830
1605,0,719917.12000,552287.57000
1606,149.4116335,715801.71850,550872.62720
1607,23.25495342,713540.25000,554218.27000
1608,32.47613768,713319.55000,549385.01000
1609,30.32813913,713171.47000,546188.07000
1610,51.01989931,715953.58090,554092.91950
1611,0,713572.32080,554909.66570
1612,8.246951093,715059.90000,552523.07000
1613,165.1039184,713423.53570,551810.22150
1614,15.4836933,714191.61670,550957.70550
1615,0,718011.32000,545943.38000
1616,66.40028929,717576.22290,554006.22600
1617,0,719195.81420,553928.27840
1618,147.7909482,715026.57550,551716.87920
1619,6.471093228,714339.83010,554176.99830
1620,106.8930278,718417.67460,554738.65490
1621,107.6076456,721383.74000,549033.48000
1622,12.13821899,717496.26980,552401.29390
1623,27.73747949,720425.46530,545842.50450
1624,0,713248.78000,547777.93000
1625,0,717206.28490,545977.75090
1626,8.437863404,716500.06890,548431.69860
1627,8.820011644,714258.49460,552569.39520
1628,5.671095657,719962.02480,553090.89640
1629,52.18928,713498.66970,553416.99640
1630,4.609520702,718073.41000,547547.44000
1631,38.8319936,716726.38030,553247.67700
1632,4.928634214,721495.22410,551431.65130
1633,4.139523295,717344.64320,549197.97190
1634,2.386778966,715139.41000,554135.73000
1635,330.6721834,718346.11240,553159.84290
1636,128.0985768,718112.10950,548354.44390
1637,746.8514444,712530.08950,552655.86560
1638,57.05619649,713210.12130,546983.00140
1639,162.007427,713457.09000,552615.72000
1640,25.91888731,716647.59720,551639.90260
1641,3.545703867,712586.73470,554260.80850
1642,2.809314531,721281.80840,546614.75340
1643,411.434204,716538.47000,549234.49000
1644,1.161739715,721456.07000,550642.16000
1645,0,712488.87120,551042.83520
1646,10.83579917,717203.58730,547600.12640
1647,16.30100769,716685.01000,552445.24000
1648,245.3398049,716610.19000,550834.56000
1649,0,719791.23670,549891.41140
1650,18.7563394,714993.25000,550910.69000
1651,39.45710797,715872.45430,552484.15460
1652,0.132056404,715730.02410,549271.41290
1653,0,711591.98000,546259.08000
1654,0,719711.81840,548295.94710
1655,0,714885.45010,548502.26030
1656,35.67166275,714921.57000,549308.33000
1657,4.348432772,704412.84710,553031.44670
1658,3.292038005,705181.21000,549775.22000
1659,124.8783515,703618.05280,553867.67950
1660,0,704375.54390,549819.16240
1661,23.47743273,708366.68350,547216.37460
1662,15.93204966,708421.47000,552836.07000
1663,0.341979116,709245.33790,554408.02850
1664,58.27079166,705234.41000,554585.94000
1665,59.38943165,705966.01880,548122.04780
1666,6.941791736,703609.59000,553073.66000
1667,0,703551.08000,548249.09000
1668,0,705169.59710,548968.03370
1669,0,705141.08140,547353.60880
1670,0,708378.08000,548013.89000
1671,0,709979.13000,547935.80000
1672,0,703581.45540,550662.07730
1673,0,710007.25000,551151.97000
1674,0,704354.53460,548204.96790
1675,0,705225.25620,553787.58500
1676,0,702740.73710,548294.17880
1677,0,708385.41740,548820.01380
1678,0,702760.81890,549910.16610
1679,0,711644.32180,554961.11260
1680,0,703569.88000,549863.10000
1681,0,709997.83790,550339.98860
1682,0,706814.95360,552104.21670
1683,0,706774.05000,548083.25000
1684,0,707576.06510,548048.57040
1685,51.95758682,710795.72630,549497.56860
1686,13.64503297,710054.58760,555027.12380
1687,196.5867187,705985.97460,549737.23110
1688,5.227426719,705242.99510,555254.93060
1689,0,703601.31170,552267.35700
1690,750.1754062,705936.39700,546508.98590
1691,25.91659911,705207.10320,552180.47290
1692,83.80601476,705189.65630,550573.46830
1693,17.99568388,710016.82750,551960.40920
1694,5.929862076,709988.42000,549528.00000
1695,74.10703407,709168.60360,546378.00780
1696,57.75942892,708355.29000,546418.86000
1697,12.73433656,703542.02810,547445.43100
1698,81.09387054,702785.62520,551514.57710
1699,0,710839.90980,554334.01320
1700,0,703632.55740,555330.24090
1701,41.32661384,703593.03000,551461.05000
1702,87.96557354,706002.02470,551333.00040
1703,31.80311458,707608.24740,551259.70890
1704,18.29595979,706761.33450,547277.42480
1705,14.84401798,706782.39630,548891.24510
1706,20.01845139,710797.50700,551116.46090
1707,18.58495428,706790.74000,549699.24000
1708,62.04320103,705198.10000,551371.71000
1709,27.96216683,707622.71790,552875.10830
1710,73.52645207,710814.83540,552736.15180
1711,8.235638054,704323.56920,546594.37180
1712,58.4510515,706748.62000,546471.60000
1713,2.971667797,702834.17410,554726.58740
1714,16.73071271,706805.95000,551294.29000
1715,59.49295447,708392.76000,549626.14000
1716,27.89319376,709983.77620,548731.90390
1717,103.9805935,702702.12380,546683.75600
1718,0.334675526,710786.94760,546298.12000
1719,18.74527167,704430.46190,554623.81780
1720,29.96851739,707591.74850,549662.68850
1721,124.7386817,705216.10000,552989.23000
1722,24.34119024,702807.06830,553131.02190
1723,1.371764705,710026.40000,552768.85000
1724,37.13601389,709208.90120,551188.55230
1725,2.502449353,711633.22000,554303.35000
1726,7.504318074,711595.42500,551888.47940
1727,7.369338672,708410.55000,551225.13000
1728,3.415924217,711595.39540,550274.04090
1729,20.16396267,705157.99000,548160.85000
1730,0,705124.18000,546546.37000
1731,31.5969955,709980.52400,547136.48020
1732,0,711603.03000,549467.13000
1733,1.68447234,711618.24430,553503.40190
1734,33.90744238,711587.76000,551080.95000
1735,112.9754061,706798.34290,550496.76310
1736,3.340839287,703532.97000,546641.77000
1737,458.809303,703560.48140,549056.09660
1738,0,703626.51000,554661.70000
1739,3.543967258,707551.95290,546445.22900
1740,0,711603.27000,552703.46000
